DatasetID,Attribute Name,Variable Name,Data Type,Value
OceanGlidersGDACTrajectories,Conventions,NC_GLOBAL,['String'],"['CF-1.6 EGO-1.2, COARDS, ACDD-1.3']"
OceanGlidersGDACTrajectories,DM_indicator,CHLA,['String'],['R']
OceanGlidersGDACTrajectories,DM_indicator,CNDC,['String'],['R']
OceanGlidersGDACTrajectories,DM_indicator,MOLAR_DOXY,['String'],['R']
OceanGlidersGDACTrajectories,DM_indicator,PRES,['String'],['R']
OceanGlidersGDACTrajectories,DM_indicator,PSAL,['String'],['R']
OceanGlidersGDACTrajectories,DM_indicator,TEMP,['String'],['R']
OceanGlidersGDACTrajectories,DM_indicator,TEMP_DOXY,['String'],['R']
OceanGlidersGDACTrajectories,Easternmost_Easting,NC_GLOBAL,['double'],['696970.15']
OceanGlidersGDACTrajectories,Northernmost_Northing,NC_GLOBAL,['double'],['696970.15']
OceanGlidersGDACTrajectories,QC_procedure,CHLA_QC,['String'],['1']
OceanGlidersGDACTrajectories,QC_procedure,CNDC_QC,['String'],['1']
OceanGlidersGDACTrajectories,QC_procedure,JULD,['String'],['1']
OceanGlidersGDACTrajectories,QC_procedure,JULD_QC,['String'],['1']
OceanGlidersGDACTrajectories,QC_procedure,MOLAR_DOXY_QC,['String'],['1']
OceanGlidersGDACTrajectories,QC_procedure,PRES_QC,['String'],['1']
OceanGlidersGDACTrajectories,QC_procedure,PSAL_QC,['String'],['1']
OceanGlidersGDACTrajectories,QC_procedure,TEMP_DOXY_QC,['String'],['1']
OceanGlidersGDACTrajectories,QC_procedure,TEMP_QC,['String'],['1']
OceanGlidersGDACTrajectories,QC_procedure,TIME_QC,['String'],['1']
OceanGlidersGDACTrajectories,QC_procedure,latitude,['double'],['1.0']
OceanGlidersGDACTrajectories,QC_procedure,longitude,['double'],['1.0']
OceanGlidersGDACTrajectories,QC_procedure,time,['String'],['1']
OceanGlidersGDACTrajectories,Southernmost_Northing,NC_GLOBAL,['double'],['-94.01332363329217']
OceanGlidersGDACTrajectories,Westernmost_Easting,NC_GLOBAL,['double'],['-179.9998312997277']
OceanGlidersGDACTrajectories,_CoordinateAxisType,latitude,['String'],['Lat']
OceanGlidersGDACTrajectories,_CoordinateAxisType,longitude,['String'],['Lon']
OceanGlidersGDACTrajectories,_CoordinateAxisType,time,['String'],['Time']
OceanGlidersGDACTrajectories,_FillValue,CHLA,['float'],['99999.0']
OceanGlidersGDACTrajectories,_FillValue,CHLA_QC,['byte'],['-128']
OceanGlidersGDACTrajectories,_FillValue,CHLA_UNCERTAINTY,['float'],['99999.0']
OceanGlidersGDACTrajectories,_FillValue,CNDC,['float'],['99999.0']
OceanGlidersGDACTrajectories,_FillValue,CNDC_QC,['byte'],['-128']
OceanGlidersGDACTrajectories,_FillValue,CNDC_UNCERTAINTY,['float'],['99999.0']
OceanGlidersGDACTrajectories,_FillValue,JULD_QC,['byte'],['-128']
OceanGlidersGDACTrajectories,_FillValue,MOLAR_DOXY,['float'],['99999.0']
OceanGlidersGDACTrajectories,_FillValue,MOLAR_DOXY_QC,['byte'],['-128']
OceanGlidersGDACTrajectories,_FillValue,MOLAR_DOXY_UNCERTAINTY,['float'],['99999.0']
OceanGlidersGDACTrajectories,_FillValue,PHASE_NUMBER,['int'],['99999']
OceanGlidersGDACTrajectories,_FillValue,POSITIONING_METHOD,['byte'],['-128']
OceanGlidersGDACTrajectories,_FillValue,POSITION_QC,['byte'],['-128']
OceanGlidersGDACTrajectories,_FillValue,PRES,['float'],['99999.0']
OceanGlidersGDACTrajectories,_FillValue,PRES_QC,['byte'],['-128']
OceanGlidersGDACTrajectories,_FillValue,PRES_UNCERTAINTY,['float'],['99999.0']
OceanGlidersGDACTrajectories,_FillValue,PSAL,['float'],['99999.0']
OceanGlidersGDACTrajectories,_FillValue,PSAL_QC,['byte'],['-128']
OceanGlidersGDACTrajectories,_FillValue,PSAL_UNCERTAINTY,['float'],['99999.0']
OceanGlidersGDACTrajectories,_FillValue,TEMP,['float'],['99999.0']
OceanGlidersGDACTrajectories,_FillValue,TEMP_DOXY,['float'],['99999.0']
OceanGlidersGDACTrajectories,_FillValue,TEMP_DOXY_QC,['byte'],['-128']
OceanGlidersGDACTrajectories,_FillValue,TEMP_DOXY_UNCERTAINTY,['float'],['99999.0']
OceanGlidersGDACTrajectories,_FillValue,TEMP_QC,['byte'],['-128']
OceanGlidersGDACTrajectories,_FillValue,TEMP_UNCERTAINTY,['float'],['99999.0']
OceanGlidersGDACTrajectories,_FillValue,TIME_QC,['byte'],['-128']
OceanGlidersGDACTrajectories,_FillValue,latitude,['double'],['99999.0']
OceanGlidersGDACTrajectories,_FillValue,longitude,['double'],['99999.0']
OceanGlidersGDACTrajectories,abstract,NC_GLOBAL,['String'],"['The general objective of the EBAMAR-PortoC program is to promote, jointly and coordinated with\\nthe activities carried out by other autonomous communities, the current research and\\ntechnological development strategy in marine sciences of the Balearic Islands so that the new\\nchallenges in the ocean observation and, in particular, the effects of climate change in the\\nMediterranean Sea. Through a detailed understanding of how carbon cycling processes are varying\\nin neritic and oceanic waters, and of the pathways that link production in surface waters with the\\nexport of organic matter to deep areas of the ocean, we seek to answer to scientific questions\\nabout ocean warming, and more specifically, how Mediterranean marine ecosystems and\\nbiogeochemical cycles respond to environmental changes or what the dynamics of the carbon\\ncycle and marine ecosystems will be like in the future..']"
OceanGlidersGDACTrajectories,accuracy,CHLA,['double'],['1.0E-4']
OceanGlidersGDACTrajectories,accuracy,CNDC,['double'],['1.0E-4']
OceanGlidersGDACTrajectories,accuracy,MOLAR_DOXY,['double'],['1.0E-4']
OceanGlidersGDACTrajectories,accuracy,PRES,['double'],['1.0E-4']
OceanGlidersGDACTrajectories,accuracy,PSAL,['double'],['1.0E-4']
OceanGlidersGDACTrajectories,accuracy,TEMP,['double'],['1.0E-4']
OceanGlidersGDACTrajectories,accuracy,TEMP_DOXY,['double'],['1.0E-4']
OceanGlidersGDACTrajectories,acknowledgement,NC_GLOBAL,['String'],['Ministerio de Econom\\u00eda y Competitividad (http://www.idi.mineco.gob.es/). Govern de les Illes Balears (http://www.caib.es/).']
OceanGlidersGDACTrajectories,actual_range,BBP700,['float'],"['-106.0, 9999.0']"
OceanGlidersGDACTrajectories,actual_range,BBP700_QC,['byte'],"['0, 4']"
OceanGlidersGDACTrajectories,actual_range,BPHASE_DOXY,['float'],"['0.0, 64.76']"
OceanGlidersGDACTrajectories,actual_range,BPHASE_DOXY_QC,['byte'],"['0, 0']"
OceanGlidersGDACTrajectories,actual_range,CDOM,['float'],"['-338.459, 11964.5']"
OceanGlidersGDACTrajectories,actual_range,CDOM_QC,['byte'],"['0, 0']"
OceanGlidersGDACTrajectories,actual_range,CHLA,['float'],"['-71.0, 9999.0']"
OceanGlidersGDACTrajectories,actual_range,CHLA_QC,['byte'],"['0, 4']"
OceanGlidersGDACTrajectories,actual_range,CHLA_UNCERTAINTY,['float'],"['0.0, 0.0']"
OceanGlidersGDACTrajectories,actual_range,CNDC,['float'],"['-37.37231, 2.81029E7']"
OceanGlidersGDACTrajectories,actual_range,CNDC_QC,['byte'],"['0, 4']"
OceanGlidersGDACTrajectories,actual_range,CNDC_UNCERTAINTY,['float'],"['0.0, 0.0']"
OceanGlidersGDACTrajectories,actual_range,DPHASE_DOXY,['float'],"['-238.872, 9.96921E36']"
OceanGlidersGDACTrajectories,actual_range,DPHASE_DOXY_QC,['byte'],"['0, 0']"
OceanGlidersGDACTrajectories,actual_range,JULD,['double'],"['-6.31152E8, NaN']"
OceanGlidersGDACTrajectories,actual_range,JULD_QC,['byte'],"['0, 4']"
OceanGlidersGDACTrajectories,actual_range,MOLAR_DOXY,['float'],"['-4295002.0, 9.96921E36']"
OceanGlidersGDACTrajectories,actual_range,MOLAR_DOXY_QC,['byte'],"['0, 0']"
OceanGlidersGDACTrajectories,actual_range,MOLAR_DOXY_UNCERTAINTY,['float'],"['0.0, 0.0']"
OceanGlidersGDACTrajectories,actual_range,PHASE_NUMBER,['int'],"['0, 58178']"
OceanGlidersGDACTrajectories,actual_range,POSITIONING_METHOD,['byte'],"['0, 3']"
OceanGlidersGDACTrajectories,actual_range,POSITION_QC,['byte'],"['0, 9']"
OceanGlidersGDACTrajectories,actual_range,PRES,['float'],"['-9999.0, 1.571511E10']"
OceanGlidersGDACTrajectories,actual_range,PRES_QC,['byte'],"['0, 9']"
OceanGlidersGDACTrajectories,actual_range,PRES_UNCERTAINTY,['float'],"['0.0, 0.0']"
OceanGlidersGDACTrajectories,actual_range,PSAL,['float'],"['-218.4611, 9.483733E10']"
OceanGlidersGDACTrajectories,actual_range,PSAL_QC,['byte'],"['0, 9']"
OceanGlidersGDACTrajectories,actual_range,PSAL_UNCERTAINTY,['float'],"['0.0, 0.0']"
OceanGlidersGDACTrajectories,actual_range,RPHASE_DOXY,['float'],"['0.0, 0.0']"
OceanGlidersGDACTrajectories,actual_range,RPHASE_DOXY_QC,['byte'],"['0, 0']"
OceanGlidersGDACTrajectories,actual_range,TEMP,['float'],"['-9999.0, 1.572165E9']"
OceanGlidersGDACTrajectories,actual_range,TEMP_DOXY,['float'],"['-5.0, 9.96921E36']"
OceanGlidersGDACTrajectories,actual_range,TEMP_DOXY_QC,['byte'],"['0, 4']"
OceanGlidersGDACTrajectories,actual_range,TEMP_DOXY_UNCERTAINTY,['float'],"['0.0, 0.0']"
OceanGlidersGDACTrajectories,actual_range,TEMP_QC,['byte'],"['0, 4']"
OceanGlidersGDACTrajectories,actual_range,TEMP_UNCERTAINTY,['float'],"['0.0, 0.0']"
OceanGlidersGDACTrajectories,actual_range,TIME_QC,['byte'],"['0, 4']"
OceanGlidersGDACTrajectories,actual_range,latitude,['double'],"['-94.01332363329217, 696970.15']"
OceanGlidersGDACTrajectories,actual_range,longitude,['double'],"['-179.9998312997277, 696970.15']"
OceanGlidersGDACTrajectories,actual_range,time,['double'],"['0.0, 1.751930125009E9']"
OceanGlidersGDACTrajectories,ancillary_variable,CHLA,['String'],['CHLA_QC']
OceanGlidersGDACTrajectories,ancillary_variable,CNDC,['String'],['CNDC_QC']
OceanGlidersGDACTrajectories,ancillary_variable,JULD,['String'],['JULD_QC']
OceanGlidersGDACTrajectories,ancillary_variable,MOLAR_DOXY,['String'],['MOLAR_DOXY_QC']
OceanGlidersGDACTrajectories,ancillary_variable,PRES,['String'],['PRES_QC']
OceanGlidersGDACTrajectories,ancillary_variable,PSAL,['String'],['PSAL_QC']
OceanGlidersGDACTrajectories,ancillary_variable,TEMP,['String'],['TEMP_QC']
OceanGlidersGDACTrajectories,ancillary_variable,TEMP_DOXY,['String'],['TEMP_DOXY_QC']
OceanGlidersGDACTrajectories,ancillary_variable,latitude,['String'],['POSITION_QC']
OceanGlidersGDACTrajectories,ancillary_variable,longitude,['String'],['POSITION_QC']
OceanGlidersGDACTrajectories,ancillary_variable,time,['String'],['TIME_QC']
OceanGlidersGDACTrajectories,author_email,NC_GLOBAL,['String'],['glider@socib.es']
OceanGlidersGDACTrajectories,axis,JULD,['String'],['T']
OceanGlidersGDACTrajectories,axis,PRES,['String'],['Z']
OceanGlidersGDACTrajectories,axis,TIME_QC,['String'],['T']
OceanGlidersGDACTrajectories,axis,latitude,['String'],['Y']
OceanGlidersGDACTrajectories,axis,longitude,['String'],['X']
OceanGlidersGDACTrajectories,axis,time,['String'],['T']
OceanGlidersGDACTrajectories,cdm_data_type,NC_GLOBAL,['String'],['Trajectory']
OceanGlidersGDACTrajectories,cdm_trajectory_variables,NC_GLOBAL,['String'],"['JULD, time']"
OceanGlidersGDACTrajectories,cell_methods,CHLA,['String'],['point']
OceanGlidersGDACTrajectories,cell_methods,CNDC,['String'],['point']
OceanGlidersGDACTrajectories,cell_methods,MOLAR_DOXY,['String'],['point']
OceanGlidersGDACTrajectories,cell_methods,PRES,['String'],['point']
OceanGlidersGDACTrajectories,cell_methods,PSAL,['String'],['point']
OceanGlidersGDACTrajectories,cell_methods,TEMP,['String'],['point']
OceanGlidersGDACTrajectories,cell_methods,TEMP_DOXY,['String'],['point']
OceanGlidersGDACTrajectories,cf_role,time,['String'],['trajectory_id']
OceanGlidersGDACTrajectories,citation,NC_GLOBAL,['String'],['Ministerio de Econom\\u00eda y Competitividad (http://www.idi.mineco.gob.es/). Govern de les Illes Balears (http://www.caib.es/).']
OceanGlidersGDACTrajectories,colorBarMaximum,BBP700,['double'],['10.0']
OceanGlidersGDACTrajectories,colorBarMaximum,BBP700_QC,['double'],['10.0']
OceanGlidersGDACTrajectories,colorBarMaximum,BPHASE_DOXY,['double'],['80.0']
OceanGlidersGDACTrajectories,colorBarMaximum,BPHASE_DOXY_QC,['double'],['10.0']
OceanGlidersGDACTrajectories,colorBarMaximum,CDOM_QC,['double'],['10.0']
OceanGlidersGDACTrajectories,colorBarMaximum,CHLA,['double'],['30.0']
OceanGlidersGDACTrajectories,colorBarMaximum,CHLA_QC,['double'],['10.0']
OceanGlidersGDACTrajectories,colorBarMaximum,CHLA_UNCERTAINTY,['double'],['30.0']
OceanGlidersGDACTrajectories,colorBarMaximum,CNDC,['double'],['40.0']
OceanGlidersGDACTrajectories,colorBarMaximum,CNDC_QC,['double'],['10.0']
OceanGlidersGDACTrajectories,colorBarMaximum,DPHASE_DOXY,['double'],['80.0']
OceanGlidersGDACTrajectories,colorBarMaximum,DPHASE_DOXY_QC,['double'],['10.0']
OceanGlidersGDACTrajectories,colorBarMaximum,JULD,['double'],['100000.0']
OceanGlidersGDACTrajectories,colorBarMaximum,JULD_QC,['double'],['10.0']
OceanGlidersGDACTrajectories,colorBarMaximum,MOLAR_DOXY,['double'],['500.0']
OceanGlidersGDACTrajectories,colorBarMaximum,MOLAR_DOXY_QC,['double'],['10.0']
OceanGlidersGDACTrajectories,colorBarMaximum,PHASE_NUMBER,['double'],['100.0']
OceanGlidersGDACTrajectories,colorBarMaximum,POSITIONING_METHOD,['double'],['2.5']
OceanGlidersGDACTrajectories,colorBarMaximum,POSITION_QC,['double'],['10.0']
OceanGlidersGDACTrajectories,colorBarMaximum,PRES,['double'],['5000.0']
OceanGlidersGDACTrajectories,colorBarMaximum,PRES_QC,['double'],['10.0']
OceanGlidersGDACTrajectories,colorBarMaximum,PSAL,['double'],['37.0']
OceanGlidersGDACTrajectories,colorBarMaximum,PSAL_QC,['double'],['10.0']
OceanGlidersGDACTrajectories,colorBarMaximum,PSAL_UNCERTAINTY,['double'],['37.0']
OceanGlidersGDACTrajectories,colorBarMaximum,RPHASE_DOXY,['double'],['80.0']
OceanGlidersGDACTrajectories,colorBarMaximum,RPHASE_DOXY_QC,['double'],['10.0']
OceanGlidersGDACTrajectories,colorBarMaximum,TEMP,['double'],['32.0']
OceanGlidersGDACTrajectories,colorBarMaximum,TEMP_DOXY,['double'],['500.0']
OceanGlidersGDACTrajectories,colorBarMaximum,TEMP_DOXY_QC,['double'],['10.0']
OceanGlidersGDACTrajectories,colorBarMaximum,TEMP_DOXY_UNCERTAINTY,['double'],['40.0']
OceanGlidersGDACTrajectories,colorBarMaximum,TEMP_QC,['double'],['10.0']
OceanGlidersGDACTrajectories,colorBarMaximum,TEMP_UNCERTAINTY,['double'],['40.0']
OceanGlidersGDACTrajectories,colorBarMaximum,TIME_QC,['double'],['10.0']
OceanGlidersGDACTrajectories,colorBarMaximum,latitude,['double'],['90.0']
OceanGlidersGDACTrajectories,colorBarMaximum,longitude,['double'],['180.0']
OceanGlidersGDACTrajectories,colorBarMaximum,time,['double'],['100000.0']
OceanGlidersGDACTrajectories,colorBarMinimum,BBP700,['double'],['-10.0']
OceanGlidersGDACTrajectories,colorBarMinimum,BBP700_QC,['double'],['0.0']
OceanGlidersGDACTrajectories,colorBarMinimum,BPHASE_DOXY,['double'],['0.0']
OceanGlidersGDACTrajectories,colorBarMinimum,BPHASE_DOXY_QC,['double'],['0.0']
OceanGlidersGDACTrajectories,colorBarMinimum,CDOM_QC,['double'],['0.0']
OceanGlidersGDACTrajectories,colorBarMinimum,CHLA,['double'],['0.03']
OceanGlidersGDACTrajectories,colorBarMinimum,CHLA_QC,['double'],['0.0']
OceanGlidersGDACTrajectories,colorBarMinimum,CHLA_UNCERTAINTY,['double'],['0.03']
OceanGlidersGDACTrajectories,colorBarMinimum,CNDC,['double'],['30.0']
OceanGlidersGDACTrajectories,colorBarMinimum,CNDC_QC,['double'],['0.0']
OceanGlidersGDACTrajectories,colorBarMinimum,DPHASE_DOXY,['double'],['0.0']
OceanGlidersGDACTrajectories,colorBarMinimum,DPHASE_DOXY_QC,['double'],['0.0']
OceanGlidersGDACTrajectories,colorBarMinimum,JULD,['double'],['0.0']
OceanGlidersGDACTrajectories,colorBarMinimum,JULD_QC,['double'],['0.0']
OceanGlidersGDACTrajectories,colorBarMinimum,MOLAR_DOXY,['double'],['0.0']
OceanGlidersGDACTrajectories,colorBarMinimum,MOLAR_DOXY_QC,['double'],['0.0']
OceanGlidersGDACTrajectories,colorBarMinimum,PHASE_NUMBER,['double'],['0.0']
OceanGlidersGDACTrajectories,colorBarMinimum,POSITIONING_METHOD,['double'],['0.0']
OceanGlidersGDACTrajectories,colorBarMinimum,POSITION_QC,['double'],['0.0']
OceanGlidersGDACTrajectories,colorBarMinimum,PRES,['double'],['0.0']
OceanGlidersGDACTrajectories,colorBarMinimum,PRES_QC,['double'],['0.0']
OceanGlidersGDACTrajectories,colorBarMinimum,PSAL,['double'],['32.0']
OceanGlidersGDACTrajectories,colorBarMinimum,PSAL_QC,['double'],['0.0']
OceanGlidersGDACTrajectories,colorBarMinimum,PSAL_UNCERTAINTY,['double'],['32.0']
OceanGlidersGDACTrajectories,colorBarMinimum,RPHASE_DOXY,['double'],['0.0']
OceanGlidersGDACTrajectories,colorBarMinimum,RPHASE_DOXY_QC,['double'],['0.0']
OceanGlidersGDACTrajectories,colorBarMinimum,TEMP,['double'],['0.0']
OceanGlidersGDACTrajectories,colorBarMinimum,TEMP_DOXY,['double'],['0.0']
OceanGlidersGDACTrajectories,colorBarMinimum,TEMP_DOXY_QC,['double'],['0.0']
OceanGlidersGDACTrajectories,colorBarMinimum,TEMP_DOXY_UNCERTAINTY,['double'],['-10.0']
OceanGlidersGDACTrajectories,colorBarMinimum,TEMP_QC,['double'],['0.0']
OceanGlidersGDACTrajectories,colorBarMinimum,TEMP_UNCERTAINTY,['double'],['-10.0']
OceanGlidersGDACTrajectories,colorBarMinimum,TIME_QC,['double'],['0.0']
OceanGlidersGDACTrajectories,colorBarMinimum,latitude,['double'],['-90.0']
OceanGlidersGDACTrajectories,colorBarMinimum,longitude,['double'],['-180.0']
OceanGlidersGDACTrajectories,colorBarMinimum,time,['double'],['0.0']
OceanGlidersGDACTrajectories,colorBarScale,CHLA,['String'],['Log']
OceanGlidersGDACTrajectories,colorBarScale,CHLA_UNCERTAINTY,['String'],['Log']
OceanGlidersGDACTrajectories,comment,CHLA_QC,['String'],[nan]
OceanGlidersGDACTrajectories,comment,CNDC,['String'],[nan]
OceanGlidersGDACTrajectories,comment,CNDC_QC,['String'],[nan]
OceanGlidersGDACTrajectories,comment,JULD,['String'],[nan]
OceanGlidersGDACTrajectories,comment,JULD_QC,['String'],[nan]
OceanGlidersGDACTrajectories,comment,MOLAR_DOXY_QC,['String'],[nan]
OceanGlidersGDACTrajectories,comment,NC_GLOBAL,['String'],"['Data regularized, corrected and/or derived from raw glider data.']"
OceanGlidersGDACTrajectories,comment,PRES,['String'],['19/10/2013 : revision of the long name']
OceanGlidersGDACTrajectories,comment,PRES_QC,['String'],[nan]
OceanGlidersGDACTrajectories,comment,PSAL,['String'],[nan]
OceanGlidersGDACTrajectories,comment,PSAL_QC,['String'],[nan]
OceanGlidersGDACTrajectories,comment,TEMP,['String'],[nan]
OceanGlidersGDACTrajectories,comment,TEMP_DOXY_QC,['String'],[nan]
OceanGlidersGDACTrajectories,comment,TEMP_QC,['String'],[nan]
OceanGlidersGDACTrajectories,comment,TIME_QC,['String'],[nan]
OceanGlidersGDACTrajectories,comment,latitude,['String'],[nan]
OceanGlidersGDACTrajectories,comment,longitude,['String'],[nan]
OceanGlidersGDACTrajectories,comment,time,['String'],[nan]
OceanGlidersGDACTrajectories,conventions,CHLA_QC,['String'],['EGO reference table 2']
OceanGlidersGDACTrajectories,conventions,CNDC_QC,['String'],['EGO reference table 2']
OceanGlidersGDACTrajectories,conventions,JULD_QC,['String'],['EGO reference table 2']
OceanGlidersGDACTrajectories,conventions,MOLAR_DOXY_QC,['String'],['EGO reference table 2']
OceanGlidersGDACTrajectories,conventions,POSITIONING_METHOD,['String'],['EGO reference table 10']
OceanGlidersGDACTrajectories,conventions,POSITION_QC,['String'],['EGO reference table 2']
OceanGlidersGDACTrajectories,conventions,PRES_QC,['String'],['EGO reference table 2']
OceanGlidersGDACTrajectories,conventions,PSAL_QC,['String'],['EGO reference table 2']
OceanGlidersGDACTrajectories,conventions,TEMP_DOXY_QC,['String'],['EGO reference table 2']
OceanGlidersGDACTrajectories,conventions,TEMP_QC,['String'],['EGO reference table 2']
OceanGlidersGDACTrajectories,conventions,TIME_QC,['String'],['EGO reference table 2']
OceanGlidersGDACTrajectories,conversion,latitude,['String'],['nmea2deg']
OceanGlidersGDACTrajectories,conversion,longitude,['String'],['nmea2deg']
OceanGlidersGDACTrajectories,coordinate_reference_frame,latitude,['String'],['urn:ogc:crs:EPSG::4326']
OceanGlidersGDACTrajectories,coordinate_reference_frame,longitude,['String'],['urn:ogc:crs:EPSG::4326']
OceanGlidersGDACTrajectories,coordinates,latitude,['String'],['TIME LATITUDE LONGITUDE PRES']
OceanGlidersGDACTrajectories,coordinates,longitude,['String'],['TIME LATITUDE LONGITUDE PRES']
OceanGlidersGDACTrajectories,coordinates,time,['String'],['TIME LATITUDE LONGITUDE PRES']
OceanGlidersGDACTrajectories,creator,NC_GLOBAL,['String'],['SOCIB Glider facility']
OceanGlidersGDACTrajectories,creator_email,NC_GLOBAL,['String'],['glider@socib.es']
OceanGlidersGDACTrajectories,creator_url,NC_GLOBAL,['String'],['http://www.socib.es/?seccion=observingFacilities&facility=glider']
OceanGlidersGDACTrajectories,data_center,NC_GLOBAL,['String'],['SOCIB Data Center']
OceanGlidersGDACTrajectories,data_center_email,NC_GLOBAL,['String'],['data.centre@socib.es']
OceanGlidersGDACTrajectories,data_mode,NC_GLOBAL,['String'],['R']
OceanGlidersGDACTrajectories,data_type,NC_GLOBAL,['String'],['EGO glider time-series data']
OceanGlidersGDACTrajectories,distribution_statement,NC_GLOBAL,['String'],['see citation']
OceanGlidersGDACTrajectories,featureType,NC_GLOBAL,['String'],['Trajectory']
OceanGlidersGDACTrajectories,filling,latitude,['String'],['linear']
OceanGlidersGDACTrajectories,filling,longitude,['String'],['linear']
OceanGlidersGDACTrajectories,filter_method,PRES,['String'],['applySeabirdPressureFilter']
OceanGlidersGDACTrajectories,filter_parameters,PRES,['double'],['4.0']
OceanGlidersGDACTrajectories,flag_meanings,CHLA_QC,['String'],['no_qc_performed good_data probably_good_data bad_data_that_are_potentially_correctable bad_data value_changed interpolated_value missing_value']
OceanGlidersGDACTrajectories,flag_meanings,CNDC_QC,['String'],['no_qc_performed good_data probably_good_data bad_data_that_are_potentially_correctable bad_data value_changed interpolated_value missing_value']
OceanGlidersGDACTrajectories,flag_meanings,JULD_QC,['String'],['no_qc_performed good_data probably_good_data bad_data_that_are_potentially_correctable bad_data value_changed interpolated_value missing_value']
OceanGlidersGDACTrajectories,flag_meanings,MOLAR_DOXY_QC,['String'],['no_qc_performed good_data probably_good_data bad_data_that_are_potentially_correctable bad_data value_changed interpolated_value missing_value']
OceanGlidersGDACTrajectories,flag_meanings,POSITIONING_METHOD,['String'],['GPS Argos interpolated']
OceanGlidersGDACTrajectories,flag_meanings,POSITION_QC,['String'],['no_qc_performed good_data probably_good_data bad_data_that_are_potentially_correctable bad_data value_changed interpolated_value missing_value']
OceanGlidersGDACTrajectories,flag_meanings,PRES_QC,['String'],['no_qc_performed good_data probably_good_data bad_data_that_are_potentially_correctable bad_data value_changed interpolated_value missing_value']
OceanGlidersGDACTrajectories,flag_meanings,PSAL_QC,['String'],['no_qc_performed good_data probably_good_data bad_data_that_are_potentially_correctable bad_data value_changed interpolated_value missing_value']
OceanGlidersGDACTrajectories,flag_meanings,TEMP_DOXY_QC,['String'],['no_qc_performed good_data probably_good_data bad_data_that_are_potentially_correctable bad_data value_changed interpolated_value missing_value']
OceanGlidersGDACTrajectories,flag_meanings,TEMP_QC,['String'],['no_qc_performed good_data probably_good_data bad_data_that_are_potentially_correctable bad_data value_changed interpolated_value missing_value']
OceanGlidersGDACTrajectories,flag_meanings,TIME_QC,['String'],['no_qc_performed good_data probably_good_data bad_data_that_are_potentially_correctable bad_data value_changed interpolated_value missing_value']
OceanGlidersGDACTrajectories,flag_values,CHLA_QC,['double'],"['0.0, 1.0, 2.0, 3.0, 4.0, 5.0, 8.0, 9.0']"
OceanGlidersGDACTrajectories,flag_values,CNDC_QC,['double'],"['0.0, 1.0, 2.0, 3.0, 4.0, 5.0, 8.0, 9.0']"
OceanGlidersGDACTrajectories,flag_values,JULD_QC,['double'],"['0.0, 1.0, 2.0, 3.0, 4.0, 5.0, 8.0, 9.0']"
OceanGlidersGDACTrajectories,flag_values,MOLAR_DOXY_QC,['double'],"['0.0, 1.0, 2.0, 3.0, 4.0, 5.0, 8.0, 9.0']"
OceanGlidersGDACTrajectories,flag_values,POSITIONING_METHOD,['double'],"['0.0, 1.0, 2.0']"
OceanGlidersGDACTrajectories,flag_values,POSITION_QC,['double'],"['0.0, 1.0, 2.0, 3.0, 4.0, 5.0, 8.0, 9.0']"
OceanGlidersGDACTrajectories,flag_values,PRES_QC,['double'],"['0.0, 1.0, 2.0, 3.0, 4.0, 5.0, 8.0, 9.0']"
OceanGlidersGDACTrajectories,flag_values,PSAL_QC,['double'],"['0.0, 1.0, 2.0, 3.0, 4.0, 5.0, 8.0, 9.0']"
OceanGlidersGDACTrajectories,flag_values,TEMP_DOXY_QC,['double'],"['0.0, 1.0, 2.0, 3.0, 4.0, 5.0, 8.0, 9.0']"
OceanGlidersGDACTrajectories,flag_values,TEMP_QC,['double'],"['0.0, 1.0, 2.0, 3.0, 4.0, 5.0, 8.0, 9.0']"
OceanGlidersGDACTrajectories,flag_values,TIME_QC,['double'],"['0.0, 1.0, 2.0, 3.0, 4.0, 5.0, 8.0, 9.0']"
OceanGlidersGDACTrajectories,format_version,NC_GLOBAL,['String'],['1.2']
OceanGlidersGDACTrajectories,geospatial_lat_max,NC_GLOBAL,['double'],['696970.15']
OceanGlidersGDACTrajectories,geospatial_lat_min,NC_GLOBAL,['double'],['-94.01332363329217']
OceanGlidersGDACTrajectories,geospatial_lat_units,NC_GLOBAL,['String'],['degrees_north']
OceanGlidersGDACTrajectories,geospatial_lon_max,NC_GLOBAL,['double'],['696970.15']
OceanGlidersGDACTrajectories,geospatial_lon_min,NC_GLOBAL,['double'],['-179.9998312997277']
OceanGlidersGDACTrajectories,geospatial_lon_units,NC_GLOBAL,['String'],['degrees_east']
OceanGlidersGDACTrajectories,glider_original_parameter_name,CHLA,['String'],['sci_flbbcd_chlor_units']
OceanGlidersGDACTrajectories,glider_original_parameter_name,CNDC,['String'],['sci_water_cond']
OceanGlidersGDACTrajectories,glider_original_parameter_name,JULD,['String'],['time']
OceanGlidersGDACTrajectories,glider_original_parameter_name,MOLAR_DOXY,['String'],['sci_oxy4_oxygen']
OceanGlidersGDACTrajectories,glider_original_parameter_name,PRES,['String'],['sci_water_pressure m_present_time']
OceanGlidersGDACTrajectories,glider_original_parameter_name,PSAL,['String'],['conductivity temperature pressure']
OceanGlidersGDACTrajectories,glider_original_parameter_name,TEMP,['String'],['sci_water_temp']
OceanGlidersGDACTrajectories,glider_original_parameter_name,TEMP_DOXY,['String'],['sci_oxy4_temp']
OceanGlidersGDACTrajectories,glider_original_parameter_name,latitude,['String'],['m_gps_lat m_gps_lon m_gps_status']
OceanGlidersGDACTrajectories,glider_original_parameter_name,longitude,['String'],['m_gps_lat m_gps_lon m_gps_status']
OceanGlidersGDACTrajectories,glider_original_parameter_name,time,['String'],['m_present_time']
OceanGlidersGDACTrajectories,ices_platform_code,NC_GLOBAL,['String'],['undefined']
OceanGlidersGDACTrajectories,infoUrl,NC_GLOBAL,['String'],['http://www.ego-network.org/']
OceanGlidersGDACTrajectories,institution,NC_GLOBAL,['String'],['IFREMER']
OceanGlidersGDACTrajectories,instrument,NC_GLOBAL,['String'],['SCB-SLDEEP008']
OceanGlidersGDACTrajectories,instrument_manufacturer,NC_GLOBAL,['String'],['Teledyne']
OceanGlidersGDACTrajectories,instrument_model,NC_GLOBAL,['String'],['Slocum G3 Deep']
OceanGlidersGDACTrajectories,ioos_category,JULD,['String'],['Time']
OceanGlidersGDACTrajectories,ioos_category,latitude,['String'],['Location']
OceanGlidersGDACTrajectories,ioos_category,longitude,['String'],['Location']
OceanGlidersGDACTrajectories,ioos_category,time,['String'],['Time']
OceanGlidersGDACTrajectories,keywords_vocabulary,NC_GLOBAL,['String'],['GCMD Science Keywords']
OceanGlidersGDACTrajectories,license,NC_GLOBAL,['String'],"['Follows CLIVAR (Climate Varibility and Predictability) standards, cf. http://www.clivar.org/data/data_policy.php. Data available free of charge. User assumes all risk for use of data. User must display citation in any publication or product using data. User must contact PI prior to any commercial use of data.']"
OceanGlidersGDACTrajectories,long_name,CHLA,['String'],['Chlorophyll-A']
OceanGlidersGDACTrajectories,long_name,CHLA_QC,['String'],['Quality flag']
OceanGlidersGDACTrajectories,long_name,CHLA_UNCERTAINTY,['String'],['Uncertainty']
OceanGlidersGDACTrajectories,long_name,CNDC,['String'],['Electrical conductivity']
OceanGlidersGDACTrajectories,long_name,CNDC_QC,['String'],['Quality flag']
OceanGlidersGDACTrajectories,long_name,CNDC_UNCERTAINTY,['String'],['Uncertainty']
OceanGlidersGDACTrajectories,long_name,JULD,['String'],['Julian 1950 time']
OceanGlidersGDACTrajectories,long_name,JULD_QC,['String'],['Quality flag']
OceanGlidersGDACTrajectories,long_name,MOLAR_DOXY,['String'],['Uncompensated (pressure and salinity) oxygen concentration reported by the oxygen sensor']
OceanGlidersGDACTrajectories,long_name,MOLAR_DOXY_QC,['String'],['Quality flag']
OceanGlidersGDACTrajectories,long_name,MOLAR_DOXY_UNCERTAINTY,['String'],['Uncertainty']
OceanGlidersGDACTrajectories,long_name,PHASE_NUMBER,['String'],['Glider trajectory phase number']
OceanGlidersGDACTrajectories,long_name,POSITIONING_METHOD,['String'],['Positioning method']
OceanGlidersGDACTrajectories,long_name,POSITION_QC,['String'],['Quality flag']
OceanGlidersGDACTrajectories,long_name,PRES,['String'],"['Sea water pressure, equals 0 at sea-level']"
OceanGlidersGDACTrajectories,long_name,PRES_QC,['String'],['Quality flag']
OceanGlidersGDACTrajectories,long_name,PRES_UNCERTAINTY,['String'],['Uncertainty']
OceanGlidersGDACTrajectories,long_name,PSAL,['String'],['Practical salinity']
OceanGlidersGDACTrajectories,long_name,PSAL_QC,['String'],['Quality flag']
OceanGlidersGDACTrajectories,long_name,PSAL_UNCERTAINTY,['String'],['Uncertainty']
OceanGlidersGDACTrajectories,long_name,TEMP,['String'],['Sea temperature in-situ ITS-90 scale']
OceanGlidersGDACTrajectories,long_name,TEMP_DOXY,['String'],['Sea temperature from oxygen sensor ITS-90 scale']
OceanGlidersGDACTrajectories,long_name,TEMP_DOXY_QC,['String'],['Quality flag']
OceanGlidersGDACTrajectories,long_name,TEMP_DOXY_UNCERTAINTY,['String'],['Uncertainty']
OceanGlidersGDACTrajectories,long_name,TEMP_QC,['String'],['Quality flag']
OceanGlidersGDACTrajectories,long_name,TEMP_UNCERTAINTY,['String'],['Uncertainty']
OceanGlidersGDACTrajectories,long_name,TIME_QC,['String'],['Quality flag']
OceanGlidersGDACTrajectories,long_name,latitude,['String'],['Measurement latitude']
OceanGlidersGDACTrajectories,long_name,longitude,['String'],['Measurement longitude']
OceanGlidersGDACTrajectories,long_name,time,['String'],['Epoch time']
OceanGlidersGDACTrajectories,method,PSAL,['String'],['sw_salt']
OceanGlidersGDACTrajectories,naming_authority,NC_GLOBAL,['String'],['EGO']
OceanGlidersGDACTrajectories,position_good,latitude,['double'],['0.0']
OceanGlidersGDACTrajectories,position_good,longitude,['double'],['0.0']
OceanGlidersGDACTrajectories,positioning_system,NC_GLOBAL,['String'],['GPS and dead reckoning']
OceanGlidersGDACTrajectories,precision,CHLA,['double'],['1.0E-4']
OceanGlidersGDACTrajectories,precision,CNDC,['double'],['1.0E-4']
OceanGlidersGDACTrajectories,precision,MOLAR_DOXY,['double'],['1.0E-4']
OceanGlidersGDACTrajectories,precision,PRES,['double'],['1.0E-4']
OceanGlidersGDACTrajectories,precision,PSAL,['double'],['1.0E-4']
OceanGlidersGDACTrajectories,precision,TEMP,['double'],['1.0E-4']
OceanGlidersGDACTrajectories,precision,TEMP_DOXY,['double'],['1.0E-4']
OceanGlidersGDACTrajectories,processing_level,NC_GLOBAL,['String'],['L1 processed data with corrections and derivations']
OceanGlidersGDACTrajectories,project,NC_GLOBAL,['String'],['SOCIB Operational']
OceanGlidersGDACTrajectories,publisher,NC_GLOBAL,['String'],['SOCIB']
OceanGlidersGDACTrajectories,publisher_email,NC_GLOBAL,['String'],['info@socib.es']
OceanGlidersGDACTrajectories,publisher_url,NC_GLOBAL,['String'],['http://www.socib.es']
OceanGlidersGDACTrajectories,qc_manual,NC_GLOBAL,['String'],['none']
OceanGlidersGDACTrajectories,reference_scale,CHLA,['String'],['Undefined']
OceanGlidersGDACTrajectories,reference_scale,CNDC,['String'],['Undefined']
OceanGlidersGDACTrajectories,reference_scale,MOLAR_DOXY,['String'],['Undefined']
OceanGlidersGDACTrajectories,reference_scale,PRES,['String'],['Undefined']
OceanGlidersGDACTrajectories,reference_scale,PSAL,['String'],['Undefined']
OceanGlidersGDACTrajectories,reference_scale,TEMP,['String'],['Undefined']
OceanGlidersGDACTrajectories,reference_scale,TEMP_DOXY,['String'],['Undefined']
OceanGlidersGDACTrajectories,references,latitude,['String'],['WGS84']
OceanGlidersGDACTrajectories,references,longitude,['String'],['WGS84']
OceanGlidersGDACTrajectories,resolution,CHLA,['double'],['0.0']
OceanGlidersGDACTrajectories,resolution,CNDC,['double'],['0.0']
OceanGlidersGDACTrajectories,resolution,MOLAR_DOXY,['double'],['0.0']
OceanGlidersGDACTrajectories,resolution,PRES,['double'],['0.0']
OceanGlidersGDACTrajectories,resolution,PSAL,['double'],['0.0']
OceanGlidersGDACTrajectories,resolution,TEMP,['double'],['0.0']
OceanGlidersGDACTrajectories,resolution,TEMP_DOXY,['double'],['0.0']
OceanGlidersGDACTrajectories,sdn_parameter_uri,CNDC,['String'],['https://vocab.nerc.ac.uk/collection/P01/current/CNDCST01/']
OceanGlidersGDACTrajectories,sdn_parameter_uri,PRES,['String'],['https://vocab.nerc.ac.uk/collection/P01/current/PRESPR01/']
OceanGlidersGDACTrajectories,sdn_parameter_uri,PSAL,['String'],['https://vocab.nerc.ac.uk/collection/P01/current/PSALST01/']
OceanGlidersGDACTrajectories,sdn_parameter_uri,TEMP,['String'],['https://vocab.nerc.ac.uk/collection/P01/current/TEMPST01/']
OceanGlidersGDACTrajectories,sdn_parameter_urn,CNDC,['String'],['SDN:P01::CNDCST01']
OceanGlidersGDACTrajectories,sdn_parameter_urn,JULD,['String'],['SDN:P01::XXX']
OceanGlidersGDACTrajectories,sdn_parameter_urn,PRES,['String'],['SDN:P01::PRESPR01']
OceanGlidersGDACTrajectories,sdn_parameter_urn,PSAL,['String'],['SDN:P01::PSALST01']
OceanGlidersGDACTrajectories,sdn_parameter_urn,TEMP,['String'],['SDN:P01::TEMPST01']
OceanGlidersGDACTrajectories,sdn_parameter_urn,latitude,['String'],['SDN:P01::ALATZZ01']
OceanGlidersGDACTrajectories,sdn_parameter_urn,longitude,['String'],['SDN:P01::ALONZZ01']
OceanGlidersGDACTrajectories,sdn_parameter_urn,time,['String'],['SDN:P01::ELTMEP01']
OceanGlidersGDACTrajectories,sdn_uom_name,CNDC,['String'],['SDN:P061::UECA']
OceanGlidersGDACTrajectories,sdn_uom_name,PRES,['String'],['SDN:P061::UPDB']
OceanGlidersGDACTrajectories,sdn_uom_name,PSAL,['String'],['SDN:P061::UUUU']
OceanGlidersGDACTrajectories,sdn_uom_name,TEMP,['String'],['SDN:P061::UPAA']
OceanGlidersGDACTrajectories,sdn_uom_name,latitude,['String'],['SDN:P061::DEGN']
OceanGlidersGDACTrajectories,sdn_uom_name,longitude,['String'],['SDN:P061::DEGE']
OceanGlidersGDACTrajectories,sdn_uom_uri,CNDC,['String'],['https://vocab.nerc.ac.uk/collection/P06/current/UECA/']
OceanGlidersGDACTrajectories,sdn_uom_uri,PRES,['String'],['https://vocab.nerc.ac.uk/collection/P06/current/UPDB/']
OceanGlidersGDACTrajectories,sdn_uom_uri,PSAL,['String'],['https://vocab.nerc.ac.uk/collection/P06/current/UUUU/']
OceanGlidersGDACTrajectories,sdn_uom_uri,TEMP,['String'],['https://vocab.nerc.ac.uk/collection/P06/current/UPAA/']
OceanGlidersGDACTrajectories,sdn_uom_urn,CNDC,['String'],['SDN:P061::UECA']
OceanGlidersGDACTrajectories,sdn_uom_urn,JULD,['String'],['SDN:P061::UTAA']
OceanGlidersGDACTrajectories,sdn_uom_urn,PRES,['String'],['SDN:P061::UPDB']
OceanGlidersGDACTrajectories,sdn_uom_urn,PSAL,['String'],['SDN:P061::UUUU']
OceanGlidersGDACTrajectories,sdn_uom_urn,TEMP,['String'],['SDN:P061::UPAA']
OceanGlidersGDACTrajectories,sdn_uom_urn,latitude,['String'],['SDN:P061::DEGN']
OceanGlidersGDACTrajectories,sdn_uom_urn,longitude,['String'],['SDN:P061::DEGE']
OceanGlidersGDACTrajectories,sdn_uom_urn,time,['String'],['SDN:P061::UTBB']
OceanGlidersGDACTrajectories,sensor_mount,CHLA,['String'],['mounted_on_glider']
OceanGlidersGDACTrajectories,sensor_mount,CNDC,['String'],['mounted_on_glider']
OceanGlidersGDACTrajectories,sensor_mount,MOLAR_DOXY,['String'],['mounted_on_glider']
OceanGlidersGDACTrajectories,sensor_mount,PRES,['String'],['mounted_on_glider']
OceanGlidersGDACTrajectories,sensor_mount,PSAL,['String'],['mounted_on_glider']
OceanGlidersGDACTrajectories,sensor_mount,TEMP,['String'],['mounted_on_glider']
OceanGlidersGDACTrajectories,sensor_mount,TEMP_DOXY,['String'],['mounted_on_glider']
OceanGlidersGDACTrajectories,sensor_name,CHLA,['String'],['Undefined']
OceanGlidersGDACTrajectories,sensor_name,CNDC,['String'],['Undefined']
OceanGlidersGDACTrajectories,sensor_name,MOLAR_DOXY,['String'],['Undefined']
OceanGlidersGDACTrajectories,sensor_name,PRES,['String'],['Undefined']
OceanGlidersGDACTrajectories,sensor_name,PSAL,['String'],['Undefined']
OceanGlidersGDACTrajectories,sensor_name,TEMP,['String'],['Undefined']
OceanGlidersGDACTrajectories,sensor_name,TEMP_DOXY,['String'],['Undefined']
OceanGlidersGDACTrajectories,sensor_orientation,CHLA,['String'],['downward']
OceanGlidersGDACTrajectories,sensor_orientation,CNDC,['String'],['downward']
OceanGlidersGDACTrajectories,sensor_orientation,MOLAR_DOXY,['String'],['downward']
OceanGlidersGDACTrajectories,sensor_orientation,PRES,['String'],['downward']
OceanGlidersGDACTrajectories,sensor_orientation,PSAL,['String'],['downward']
OceanGlidersGDACTrajectories,sensor_orientation,TEMP,['String'],['downward']
OceanGlidersGDACTrajectories,sensor_orientation,TEMP_DOXY,['String'],['downward']
OceanGlidersGDACTrajectories,sensor_serial_number,CHLA,['String'],['Undefined']
OceanGlidersGDACTrajectories,sensor_serial_number,CNDC,['String'],['Undefined']
OceanGlidersGDACTrajectories,sensor_serial_number,MOLAR_DOXY,['String'],['Undefined']
OceanGlidersGDACTrajectories,sensor_serial_number,PRES,['String'],['Undefined']
OceanGlidersGDACTrajectories,sensor_serial_number,PSAL,['String'],['Undefined']
OceanGlidersGDACTrajectories,sensor_serial_number,TEMP,['String'],['Undefined']
OceanGlidersGDACTrajectories,sensor_serial_number,TEMP_DOXY,['String'],['Undefined']
OceanGlidersGDACTrajectories,source,NC_GLOBAL,['String'],['Glider observation']
OceanGlidersGDACTrajectories,sourceUrl,NC_GLOBAL,['String'],['(local files)']
OceanGlidersGDACTrajectories,source_files,NC_GLOBAL,['String'],['sdeep08-2025-131-2-10-sbd(01450010)\\nsdeep08-2025-131-2-102-sbd(01450102)\\nsdeep08-2025-131-2-12-sbd(01450012)\\nsdeep08-2025-131-2-14-sbd(01450014)\\nsdeep08-2025-131-2-16-sbd(01450016)\\nsdeep08-2025-131-2-19-sbd(01450019)\\nsdeep08-2025-131-2-2-sbd(01450002)\\nsdeep08-2025-131-2-21-sbd(01450021)\\nsdeep08-2025-131-2-23-sbd(01450023)\\nsdeep08-2025-131-2-25-sbd(01450025)\\nsdeep08-2025-131-2-27-sbd(01450027)\\nsdeep08-2025-131-2-31-sbd(01450031)\\nsdeep08-2025-131-2-33-sbd(01450033)\\nsdeep08-2025-131-2-35-sbd(01450035)\\nsdeep08-2025-131-2-37-sbd(01450037)\\nsdeep08-2025-131-2-39-sbd(01450039)\\nsdeep08-2025-131-2-4-sbd(01450004)\\nsdeep08-2025-131-2-43-sbd(01450043)\\nsdeep08-2025-131-2-47-sbd(01450047)\\nsdeep08-2025-131-2-51-sbd(01450051)\\nsdeep08-2025-131-2-53-sbd(01450053)\\nsdeep08-2025-131-2-59-sbd(01450059)\\nsdeep08-2025-131-2-6-sbd(01450006)\\nsdeep08-2025-131-2-61-sbd(01450061)\\nsdeep08-2025-131-2-63-sbd(01450063)\\nsdeep08-2025-131-2-65-sbd(01450065)\\nsdeep08-2025-131-2-67-sbd(01450067)\\nsdeep08-2025-131-2-69-sbd(01450069)\\nsdeep08-2025-131-2-71-sbd(01450071)\\nsdeep08-2025-131-2-75-sbd(01450075)\\nsdeep08-2025-131-2-77-sbd(01450077)\\nsdeep08-2025-131-2-79-sbd(01450079)\\nsdeep08-2025-131-2-8-sbd(01450008)\\nsdeep08-2025-131-2-82-sbd(01450082)\\nsdeep08-2025-131-2-84-sbd(01450084)\\nsdeep08-2025-131-2-86-sbd(01450086)\\nsdeep08-2025-131-2-88-sbd(01450088)\\nsdeep08-2025-131-2-92-sbd(01450092)\\nsdeep08-2025-131-2-94-sbd(01450094)\\nsdeep08-2025-131-2-96-sbd(01450096)\\nsdeep08-2025-131-2-98-sbd(01450098)\\nsdeep08-2025-131-2-0-tbd(01450000)\\nsdeep08-2025-131-2-10-tbd(01450010)\\nsdeep08-2025-131-2-100-tbd(01450100)\\nsdeep08-2025-131-2-102-tbd(01450102)\\nsdeep08-2025-131-2-12-tbd(01450012)\\nsdeep08-2025-131-2-14-tbd(01450014)\\nsdeep08-2025-131-2-16-tbd(01450016)\\nsdeep08-2025-131-2-19-tbd(01450019)\\nsdeep08-2025-131-2-2-tbd(01450002)\\nsdeep08-2025-131-2-21-tbd(01450021)\\nsdeep08-2025-131-2-23-tbd(01450023)\\nsdeep08-2025-131-2-25-tbd(01450025)\\nsdeep08-2025-131-2-27-tbd(01450027)\\nsdeep08-2025-131-2-29-tbd(01450029)\\nsdeep08-2025-131-2-31-tbd(01450031)\\nsdeep08-2025-131-2-33-tbd(01450033)\\nsdeep08-2025-131-2-35-tbd(01450035)\\nsdeep08-2025-131-2-37-tbd(01450037)\\nsdeep08-2025-131-2-39-tbd(01450039)\\nsdeep08-2025-131-2-4-tbd(01450004)\\nsdeep08-2025-131-2-41-tbd(01450041)\\nsdeep08-2025-131-2-43-tbd(01450043)\\nsdeep08-2025-131-2-45-tbd(01450045)\\nsdeep08-2025-131-2-47-tbd(01450047)\\nsdeep08-2025-131-2-49-tbd(01450049)\\nsdeep08-2025-131-2-51-tbd(01450051)\\nsdeep08-2025-131-2-53-tbd(01450053)\\nsdeep08-2025-131-2-55-tbd(01450055)\\nsdeep08-2025-131-2-57-tbd(01450057)\\nsdeep08-2025-131-2-59-tbd(01450059)\\nsdeep08-2025-131-2-6-tbd(01450006)\\nsdeep08-2025-131-2-61-tbd(01450061)\\nsdeep08-2025-131-2-63-tbd(01450063)\\nsdeep08-2025-131-2-65-tbd(01450065)\\nsdeep08-2025-131-2-67-tbd(01450067)\\nsdeep08-2025-131-2-69-tbd(01450069)\\nsdeep08-2025-131-2-71-tbd(01450071)\\nsdeep08-2025-131-2-73-tbd(01450073)\\nsdeep08-2025-131-2-75-tbd(01450075)\\nsdeep08-2025-131-2-77-tbd(01450077)\\nsdeep08-2025-131-2-79-tbd(01450079)\\nsdeep08-2025-131-2-8-tbd(01450008)\\nsdeep08-2025-131-2-82-tbd(01450082)\\nsdeep08-2025-131-2-84-tbd(01450084)\\nsdeep08-2025-131-2-86-tbd(01450086)\\nsdeep08-2025-131-2-88-tbd(01450088)\\nsdeep08-2025-131-2-92-tbd(01450092)\\nsdeep08-2025-131-2-94-tbd(01450094)\\nsdeep08-2025-131-2-96-tbd(01450096)\\nsdeep08-2025-131-2-98-tbd(01450098)\\n']
OceanGlidersGDACTrajectories,standard_name,CHLA,['String'],['mass_concentration_of_chlorophyll_a_in_sea_water']
OceanGlidersGDACTrajectories,standard_name,CHLA_QC,['String'],['qc_mass_concentration_of_chlorophyll_a_in_sea_water']
OceanGlidersGDACTrajectories,standard_name,CHLA_UNCERTAINTY,['String'],['concentration_of_chlorophyll_in_sea_water']
OceanGlidersGDACTrajectories,standard_name,CNDC,['String'],['sea_water_electrical_conductivity']
OceanGlidersGDACTrajectories,standard_name,CNDC_QC,['String'],['qc_sea_water_electrical_conductivity']
OceanGlidersGDACTrajectories,standard_name,JULD,['String'],['time']
OceanGlidersGDACTrajectories,standard_name,JULD_QC,['String'],['qc_time']
OceanGlidersGDACTrajectories,standard_name,MOLAR_DOXY,['String'],['mole_concentration_of_dissolved_molecular_oxygen_in_sea_water']
OceanGlidersGDACTrajectories,standard_name,MOLAR_DOXY_QC,['String'],['qc_mole_concentration_of_dissolved_molecular_oxygen_in_sea_water']
OceanGlidersGDACTrajectories,standard_name,POSITION_QC,['String'],['position_qc']
OceanGlidersGDACTrajectories,standard_name,PRES,['String'],['sea_water_pressure']
OceanGlidersGDACTrajectories,standard_name,PRES_QC,['String'],['qc_sea_water_pressure']
OceanGlidersGDACTrajectories,standard_name,PSAL,['String'],['sea_water_practical_salinity']
OceanGlidersGDACTrajectories,standard_name,PSAL_QC,['String'],['qc_sea_water_salinity']
OceanGlidersGDACTrajectories,standard_name,TEMP,['String'],['sea_water_temperature']
OceanGlidersGDACTrajectories,standard_name,TEMP_DOXY,['String'],['temperature_of_sensor_for_oxygen_in_sea_water']
OceanGlidersGDACTrajectories,standard_name,TEMP_DOXY_QC,['String'],['qc_temperature_of_sensor_for_oxygen_in_sea_water']
OceanGlidersGDACTrajectories,standard_name,TEMP_QC,['String'],['qc_sea_water_temperature']
OceanGlidersGDACTrajectories,standard_name,TIME_QC,['String'],['qc_time']
OceanGlidersGDACTrajectories,standard_name,latitude,['String'],['latitude']
OceanGlidersGDACTrajectories,standard_name,longitude,['String'],['longitude']
OceanGlidersGDACTrajectories,standard_name,time,['String'],['time']
OceanGlidersGDACTrajectories,standard_name_vocabulary,NC_GLOBAL,['String'],['CF Standard Name Table v29']
OceanGlidersGDACTrajectories,summary,NC_GLOBAL,['String'],['OceanGliders GDAC trajectories']
OceanGlidersGDACTrajectories,time_coverage_end,NC_GLOBAL,['String'],['2025-07-07T23:15:25Z']
OceanGlidersGDACTrajectories,time_coverage_start,NC_GLOBAL,['String'],['1970-01-01T00:00:00Z']
OceanGlidersGDACTrajectories,time_origin,JULD,['String'],['01-JAN-1970 00:00:00']
OceanGlidersGDACTrajectories,time_origin,time,['String'],['01-JAN-1970 00:00:00']
OceanGlidersGDACTrajectories,title,NC_GLOBAL,['String'],['OceanGliders GDAC trajectories']
OceanGlidersGDACTrajectories,transmission_system,NC_GLOBAL,['String'],['IRIDIUM']
OceanGlidersGDACTrajectories,units,CHLA,['String'],['mg/m3']
OceanGlidersGDACTrajectories,units,CHLA_UNCERTAINTY,['String'],['mg/m3']
OceanGlidersGDACTrajectories,units,CNDC,['String'],['mhos/m']
OceanGlidersGDACTrajectories,units,CNDC_UNCERTAINTY,['String'],['mhos/m']
OceanGlidersGDACTrajectories,units,JULD,['String'],['seconds since 1970-01-01T00:00:00Z']
OceanGlidersGDACTrajectories,units,MOLAR_DOXY,['String'],['micromole/l']
OceanGlidersGDACTrajectories,units,MOLAR_DOXY_UNCERTAINTY,['String'],['micromole/l']
OceanGlidersGDACTrajectories,units,PRES,['String'],['decibar']
OceanGlidersGDACTrajectories,units,PRES_UNCERTAINTY,['String'],['decibar']
OceanGlidersGDACTrajectories,units,PSAL,['String'],['PSU']
OceanGlidersGDACTrajectories,units,PSAL_UNCERTAINTY,['String'],['PSU']
OceanGlidersGDACTrajectories,units,TEMP,['String'],['degree_Celsius']
OceanGlidersGDACTrajectories,units,TEMP_DOXY,['String'],['degree_Celsius']
OceanGlidersGDACTrajectories,units,TEMP_DOXY_UNCERTAINTY,['String'],['degree_Celsius']
OceanGlidersGDACTrajectories,units,TEMP_UNCERTAINTY,['String'],['degree_Celsius']
OceanGlidersGDACTrajectories,units,latitude,['String'],['degrees_north']
OceanGlidersGDACTrajectories,units,longitude,['String'],['degrees_east']
OceanGlidersGDACTrajectories,units,time,['String'],['seconds since 1970-01-01T00:00:00Z']
OceanGlidersGDACTrajectories,update_interval,NC_GLOBAL,['String'],['daily']
OceanGlidersGDACTrajectories,valid_max,CHLA_QC,['byte'],['9']
OceanGlidersGDACTrajectories,valid_max,CNDC,['float'],['8.5']
OceanGlidersGDACTrajectories,valid_max,CNDC_QC,['byte'],['9']
OceanGlidersGDACTrajectories,valid_max,JULD,['double'],['90000.0']
OceanGlidersGDACTrajectories,valid_max,JULD_QC,['byte'],['9']
OceanGlidersGDACTrajectories,valid_max,MOLAR_DOXY_QC,['byte'],['9']
OceanGlidersGDACTrajectories,valid_max,POSITION_QC,['byte'],['9']
OceanGlidersGDACTrajectories,valid_max,PRES,['float'],['12000.0']
OceanGlidersGDACTrajectories,valid_max,PRES_QC,['byte'],['9']
OceanGlidersGDACTrajectories,valid_max,PSAL,['float'],['41.0']
OceanGlidersGDACTrajectories,valid_max,PSAL_QC,['byte'],['9']
OceanGlidersGDACTrajectories,valid_max,TEMP,['float'],['40.0']
OceanGlidersGDACTrajectories,valid_max,TEMP_DOXY_QC,['byte'],['9']
OceanGlidersGDACTrajectories,valid_max,TEMP_QC,['byte'],['9']
OceanGlidersGDACTrajectories,valid_max,TIME_QC,['byte'],['9']
OceanGlidersGDACTrajectories,valid_max,latitude,['double'],['90.0']
OceanGlidersGDACTrajectories,valid_max,longitude,['double'],['180.0']
OceanGlidersGDACTrajectories,valid_max,time,['double'],['90000.0']
OceanGlidersGDACTrajectories,valid_min,CHLA_QC,['byte'],['0']
OceanGlidersGDACTrajectories,valid_min,CNDC,['float'],['0.0']
OceanGlidersGDACTrajectories,valid_min,CNDC_QC,['byte'],['0']
OceanGlidersGDACTrajectories,valid_min,JULD,['double'],['0.0']
OceanGlidersGDACTrajectories,valid_min,JULD_QC,['byte'],['0']
OceanGlidersGDACTrajectories,valid_min,MOLAR_DOXY_QC,['byte'],['0']
OceanGlidersGDACTrajectories,valid_min,POSITION_QC,['byte'],['0']
OceanGlidersGDACTrajectories,valid_min,PRES,['float'],['0.0']
OceanGlidersGDACTrajectories,valid_min,PRES_QC,['byte'],['0']
OceanGlidersGDACTrajectories,valid_min,PSAL,['float'],['2.0']
OceanGlidersGDACTrajectories,valid_min,PSAL_QC,['byte'],['0']
OceanGlidersGDACTrajectories,valid_min,TEMP,['float'],['-2.5']
OceanGlidersGDACTrajectories,valid_min,TEMP_DOXY_QC,['byte'],['0']
OceanGlidersGDACTrajectories,valid_min,TEMP_QC,['byte'],['0']
OceanGlidersGDACTrajectories,valid_min,TIME_QC,['byte'],['0']
OceanGlidersGDACTrajectories,valid_min,latitude,['double'],['-90.0']
OceanGlidersGDACTrajectories,valid_min,longitude,['double'],['-180.0']
OceanGlidersGDACTrajectories,valid_min,time,['double'],['0.0']
